mutantIdx,operatorName,blockType,nReached,nNotReached,nUnknown,resolvedCount,ambiguous,evidenceMetric,mappingStrategy,semantics,candidateSIDs
1,SumOperator,Sum,0,0,25,0,0,none,unsupported-blocktype,unknown-unresolved,""
2,SumOperator,Sum,0,0,25,0,0,none,unsupported-blocktype,unknown-unresolved,""
3,SumOperator,Sum,0,0,25,0,0,none,unsupported-blocktype,unknown-unresolved,""
4,SumOperator,Sum,0,0,25,0,0,none,unsupported-blocktype,unknown-unresolved,""
5,TransitionConditionOperator,Stateflow.Transition,4,21,0,1,0,decision,label-exact:unique,direct,"225"
6,TransitionConditionOperator,Stateflow.Transition,4,21,0,1,0,decision,label-exact:unique,direct,"225"
7,TransitionConditionOperator,Stateflow.Transition,4,21,0,1,0,decision,label-exact:unique,direct,"225"
8,TransitionConditionOperator,Stateflow.Transition,4,21,0,1,0,decision,label-exact:unique,direct,"225"
9,TransitionConditionOperator,Stateflow.Transition,4,21,0,1,0,decision,label-exact:unique,direct,"225"
10,TransitionConditionOperator,Stateflow.Transition,11,14,0,1,0,decision,label-exact:unique,direct,"228"
11,TransitionConditionOperator,Stateflow.Transition,11,14,0,1,0,decision,label-exact:unique,direct,"228"
12,TransitionConditionOperator,Stateflow.Transition,11,14,0,1,0,decision,label-exact:unique,direct,"228"
13,TransitionConditionOperator,Stateflow.Transition,11,14,0,1,0,decision,label-exact:unique,direct,"228"
14,TransitionConditionOperator,Stateflow.Transition,11,14,0,1,0,decision,label-exact:unique,direct,"228"
15,TransitionConditionOperator,Stateflow.Transition,16,9,0,1,0,decision,label-exact:unique,direct,"229"
16,TransitionConditionOperator,Stateflow.Transition,16,9,0,1,0,decision,label-exact:unique,direct,"229"
17,TransitionConditionOperator,Stateflow.Transition,16,9,0,1,0,decision,label-exact:unique,direct,"229"
18,TransitionConditionOperator,Stateflow.Transition,16,9,0,1,0,decision,label-exact:unique,direct,"229"
19,TransitionConditionOperator,Stateflow.Transition,16,9,0,1,0,decision,label-exact:unique,direct,"229"
20,TransitionConditionOperator,Stateflow.Transition,16,9,0,2,1,decision,label-exact:ambiguous,union,"230,232"
21,TransitionConditionOperator,Stateflow.Transition,16,9,0,2,1,decision,label-exact:ambiguous,union,"230,232"
22,TransitionConditionOperator,Stateflow.Transition,16,9,0,2,1,decision,label-exact:ambiguous,union,"230,232"
23,TransitionConditionOperator,Stateflow.Transition,16,9,0,2,1,decision,label-exact:ambiguous,union,"230,232"
24,TransitionConditionOperator,Stateflow.Transition,16,9,0,2,1,decision,label-exact:ambiguous,union,"230,232"
25,TransitionConditionOperator,Stateflow.Transition,16,9,0,2,1,decision,label-exact:ambiguous,union,"230,232"
26,TransitionConditionOperator,Stateflow.Transition,16,9,0,2,1,decision,label-exact:ambiguous,union,"230,232"
27,TransitionConditionOperator,Stateflow.Transition,16,9,0,2,1,decision,label-exact:ambiguous,union,"230,232"
28,TransitionConditionOperator,Stateflow.Transition,16,9,0,2,1,decision,label-exact:ambiguous,union,"230,232"
29,TransitionConditionOperator,Stateflow.Transition,16,9,0,2,1,decision,label-exact:ambiguous,union,"230,232"
30,TransitionConditionOperator,Stateflow.Transition,9,16,0,1,0,decision,label-exact:unique,direct,"231"
31,TransitionConditionOperator,Stateflow.Transition,9,16,0,1,0,decision,label-exact:unique,direct,"231"
32,TransitionConditionOperator,Stateflow.Transition,9,16,0,1,0,decision,label-exact:unique,direct,"231"
33,TransitionConditionOperator,Stateflow.Transition,9,16,0,1,0,decision,label-exact:unique,direct,"231"
34,TransitionConditionOperator,Stateflow.Transition,9,16,0,1,0,decision,label-exact:unique,direct,"231"
35,TransitionConditionOperator,Stateflow.Transition,16,9,0,2,1,decision,label-exact:ambiguous,union,"230,232"
36,TransitionConditionOperator,Stateflow.Transition,16,9,0,2,1,decision,label-exact:ambiguous,union,"230,232"
37,TransitionConditionOperator,Stateflow.Transition,16,9,0,2,1,decision,label-exact:ambiguous,union,"230,232"
38,TransitionConditionOperator,Stateflow.Transition,16,9,0,2,1,decision,label-exact:ambiguous,union,"230,232"
39,TransitionConditionOperator,Stateflow.Transition,16,9,0,2,1,decision,label-exact:ambiguous,union,"230,232"
40,TransitionConditionOperator,Stateflow.Transition,16,9,0,2,1,decision,label-exact:ambiguous,union,"230,232"
41,TransitionConditionOperator,Stateflow.Transition,16,9,0,2,1,decision,label-exact:ambiguous,union,"230,232"
42,TransitionConditionOperator,Stateflow.Transition,16,9,0,2,1,decision,label-exact:ambiguous,union,"230,232"
43,TransitionConditionOperator,Stateflow.Transition,16,9,0,2,1,decision,label-exact:ambiguous,union,"230,232"
44,TransitionConditionOperator,Stateflow.Transition,16,9,0,2,1,decision,label-exact:ambiguous,union,"230,232"
45,TransitionConditionOperator,Stateflow.Transition,21,4,0,1,0,decision,label-exact:unique,direct,"233"
46,TransitionConditionOperator,Stateflow.Transition,21,4,0,1,0,decision,label-exact:unique,direct,"233"
47,TransitionConditionOperator,Stateflow.Transition,21,4,0,1,0,decision,label-exact:unique,direct,"233"
48,TransitionConditionOperator,Stateflow.Transition,21,4,0,1,0,decision,label-exact:unique,direct,"233"
49,TransitionConditionOperator,Stateflow.Transition,21,4,0,1,0,decision,label-exact:unique,direct,"233"
50,TransitionConditionOperator,Stateflow.Transition,9,16,0,1,0,decision,label-exact:unique,direct,"234"
51,TransitionConditionOperator,Stateflow.Transition,9,16,0,1,0,decision,label-exact:unique,direct,"234"
52,TransitionConditionOperator,Stateflow.Transition,9,16,0,1,0,decision,label-exact:unique,direct,"234"
53,TransitionConditionOperator,Stateflow.Transition,9,16,0,1,0,decision,label-exact:unique,direct,"234"
54,TransitionConditionOperator,Stateflow.Transition,9,16,0,1,0,decision,label-exact:unique,direct,"234"
55,TransitionConditionOperator,Stateflow.Transition,9,16,0,1,0,decision,label-exact:unique,direct,"234"
56,TransitionConditionOperator,Stateflow.Transition,9,16,0,1,0,decision,label-exact:unique,direct,"234"
57,TransitionConditionOperator,Stateflow.Transition,9,16,0,1,0,decision,label-exact:unique,direct,"234"
58,TransitionConditionOperator,Stateflow.Transition,9,16,0,1,0,decision,label-exact:unique,direct,"234"
59,TransitionConditionOperator,Stateflow.Transition,9,16,0,1,0,decision,label-exact:unique,direct,"234"
60,TransitionConditionOperator,Stateflow.Transition,2,23,0,1,0,decision,label-exact:unique,direct,"235"
61,TransitionConditionOperator,Stateflow.Transition,2,23,0,1,0,decision,label-exact:unique,direct,"235"
62,TransitionConditionOperator,Stateflow.Transition,2,23,0,1,0,decision,label-exact:unique,direct,"235"
63,TransitionConditionOperator,Stateflow.Transition,2,23,0,1,0,decision,label-exact:unique,direct,"235"
64,TransitionConditionOperator,Stateflow.Transition,2,23,0,1,0,decision,label-exact:unique,direct,"235"
65,TransitionConditionOperator,Stateflow.Transition,2,23,0,1,0,decision,label-exact:unique,direct,"235"
66,TransitionConditionOperator,Stateflow.Transition,2,23,0,1,0,decision,label-exact:unique,direct,"235"
67,TransitionConditionOperator,Stateflow.Transition,2,23,0,1,0,decision,label-exact:unique,direct,"235"
68,TransitionConditionOperator,Stateflow.Transition,2,23,0,1,0,decision,label-exact:unique,direct,"235"
69,TransitionConditionOperator,Stateflow.Transition,2,23,0,1,0,decision,label-exact:unique,direct,"235"
70,TransitionConditionOperator,Stateflow.Transition,9,16,0,1,0,decision,label-exact:unique,direct,"236"
71,TransitionConditionOperator,Stateflow.Transition,9,16,0,1,0,decision,label-exact:unique,direct,"236"
72,TransitionConditionOperator,Stateflow.Transition,9,16,0,1,0,decision,label-exact:unique,direct,"236"
73,TransitionConditionOperator,Stateflow.Transition,9,16,0,1,0,decision,label-exact:unique,direct,"236"
74,TransitionConditionOperator,Stateflow.Transition,9,16,0,1,0,decision,label-exact:unique,direct,"236"
75,TransitionConditionOperator,Stateflow.Transition,9,16,0,1,0,decision,label-exact:unique,direct,"236"
76,TransitionConditionOperator,Stateflow.Transition,9,16,0,1,0,decision,label-exact:unique,direct,"236"
77,TransitionConditionOperator,Stateflow.Transition,9,16,0,1,0,decision,label-exact:unique,direct,"236"
78,TransitionConditionOperator,Stateflow.Transition,9,16,0,1,0,decision,label-exact:unique,direct,"236"
79,TransitionConditionOperator,Stateflow.Transition,9,16,0,1,0,decision,label-exact:unique,direct,"236"
80,TransitionConditionOperator,Stateflow.Transition,9,16,0,1,0,decision,label-exact:unique,direct,"238"
81,TransitionConditionOperator,Stateflow.Transition,9,16,0,1,0,decision,label-exact:unique,direct,"238"
82,TransitionConditionOperator,Stateflow.Transition,9,16,0,1,0,decision,label-exact:unique,direct,"238"
83,TransitionConditionOperator,Stateflow.Transition,9,16,0,1,0,decision,label-exact:unique,direct,"238"
84,TransitionConditionOperator,Stateflow.Transition,9,16,0,1,0,decision,label-exact:unique,direct,"238"
85,TransitionConditionOperator,Stateflow.Transition,9,16,0,1,0,decision,label-exact:unique,direct,"238"
86,TransitionConditionOperator,Stateflow.Transition,9,16,0,1,0,decision,label-exact:unique,direct,"238"
87,TransitionConditionOperator,Stateflow.Transition,9,16,0,1,0,decision,label-exact:unique,direct,"238"
88,TransitionConditionOperator,Stateflow.Transition,9,16,0,1,0,decision,label-exact:unique,direct,"238"
89,TransitionConditionOperator,Stateflow.Transition,9,16,0,1,0,decision,label-exact:unique,direct,"238"
90,TransitionConditionOperator,Stateflow.Transition,9,16,0,1,0,decision,label-exact:unique,direct,"239"
91,TransitionConditionOperator,Stateflow.Transition,9,16,0,1,0,decision,label-exact:unique,direct,"239"
92,TransitionConditionOperator,Stateflow.Transition,9,16,0,1,0,decision,label-exact:unique,direct,"239"
93,TransitionConditionOperator,Stateflow.Transition,9,16,0,1,0,decision,label-exact:unique,direct,"239"
94,TransitionConditionOperator,Stateflow.Transition,9,16,0,1,0,decision,label-exact:unique,direct,"239"
95,TransitionConditionOperator,Stateflow.Transition,9,16,0,1,0,decision,label-exact:unique,direct,"240"
96,TransitionConditionOperator,Stateflow.Transition,9,16,0,1,0,decision,label-exact:unique,direct,"240"
97,TransitionConditionOperator,Stateflow.Transition,9,16,0,1,0,decision,label-exact:unique,direct,"240"
98,TransitionConditionOperator,Stateflow.Transition,9,16,0,1,0,decision,label-exact:unique,direct,"240"
99,TransitionConditionOperator,Stateflow.Transition,9,16,0,1,0,decision,label-exact:unique,direct,"240"
100,TransitionConditionOperator,Stateflow.Transition,9,16,0,1,0,decision,label-exact:unique,direct,"240"
101,TransitionConditionOperator,Stateflow.Transition,9,16,0,1,0,decision,label-exact:unique,direct,"240"
102,TransitionConditionOperator,Stateflow.Transition,9,16,0,1,0,decision,label-exact:unique,direct,"240"
103,TransitionConditionOperator,Stateflow.Transition,9,16,0,1,0,decision,label-exact:unique,direct,"240"
104,TransitionConditionOperator,Stateflow.Transition,9,16,0,1,0,decision,label-exact:unique,direct,"240"
105,TransitionConditionOperator,Stateflow.Transition,9,16,0,1,0,decision,label-exact:unique,direct,"241"
106,TransitionConditionOperator,Stateflow.Transition,9,16,0,1,0,decision,label-exact:unique,direct,"241"
107,TransitionConditionOperator,Stateflow.Transition,9,16,0,1,0,decision,label-exact:unique,direct,"241"
108,TransitionConditionOperator,Stateflow.Transition,9,16,0,1,0,decision,label-exact:unique,direct,"241"
109,TransitionConditionOperator,Stateflow.Transition,9,16,0,1,0,decision,label-exact:unique,direct,"241"
110,TransitionConditionOperator,Stateflow.Transition,9,16,0,1,0,decision,label-exact:unique,direct,"241"
111,TransitionConditionOperator,Stateflow.Transition,9,16,0,1,0,decision,label-exact:unique,direct,"241"
112,TransitionConditionOperator,Stateflow.Transition,9,16,0,1,0,decision,label-exact:unique,direct,"241"
113,TransitionConditionOperator,Stateflow.Transition,9,16,0,1,0,decision,label-exact:unique,direct,"241"
114,TransitionConditionOperator,Stateflow.Transition,9,16,0,1,0,decision,label-exact:unique,direct,"241"
115,TransitionConditionOperator,Stateflow.Transition,3,22,0,1,0,decision,label-exact:unique,direct,"242"
116,TransitionConditionOperator,Stateflow.Transition,3,22,0,1,0,decision,label-exact:unique,direct,"242"
117,TransitionConditionOperator,Stateflow.Transition,3,22,0,1,0,decision,label-exact:unique,direct,"242"
118,TransitionConditionOperator,Stateflow.Transition,3,22,0,1,0,decision,label-exact:unique,direct,"242"
119,TransitionConditionOperator,Stateflow.Transition,3,22,0,1,0,decision,label-exact:unique,direct,"242"
120,TransitionConditionOperator,Stateflow.Transition,3,22,0,1,0,decision,label-exact:unique,direct,"242"
121,TransitionConditionOperator,Stateflow.Transition,3,22,0,1,0,decision,label-exact:unique,direct,"242"
122,TransitionConditionOperator,Stateflow.Transition,3,22,0,1,0,decision,label-exact:unique,direct,"242"
123,TransitionConditionOperator,Stateflow.Transition,3,22,0,1,0,decision,label-exact:unique,direct,"242"
124,TransitionConditionOperator,Stateflow.Transition,3,22,0,1,0,decision,label-exact:unique,direct,"242"
125,TransitionConditionOperator,Stateflow.Transition,1,24,0,1,0,decision,label-exact:unique,direct,"245"
126,TransitionConditionOperator,Stateflow.Transition,1,24,0,1,0,decision,label-exact:unique,direct,"245"
127,TransitionConditionOperator,Stateflow.Transition,1,24,0,1,0,decision,label-exact:unique,direct,"245"
128,TransitionConditionOperator,Stateflow.Transition,1,24,0,1,0,decision,label-exact:unique,direct,"245"
129,TransitionConditionOperator,Stateflow.Transition,1,24,0,1,0,decision,label-exact:unique,direct,"245"
130,TransitionLogicalOperator,Stateflow.Transition,4,21,0,1,0,decision,label-exact:unique,direct,"225"
131,TransitionLogicalOperator,Stateflow.Transition,16,9,0,2,1,decision,label-exact:ambiguous,union,"230,232"
132,TransitionLogicalOperator,Stateflow.Transition,9,16,0,1,0,decision,label-exact:unique,direct,"231"
133,TransitionLogicalOperator,Stateflow.Transition,16,9,0,2,1,decision,label-exact:ambiguous,union,"230,232"
134,TransitionLogicalOperator,Stateflow.Transition,21,4,0,1,0,decision,label-exact:unique,direct,"233"
135,TransitionLogicalOperator,Stateflow.Transition,21,4,0,1,0,decision,label-exact:unique,direct,"233"
136,TransitionLogicalOperator,Stateflow.Transition,9,16,0,1,0,decision,label-exact:unique,direct,"234"
137,TransitionLogicalOperator,Stateflow.Transition,2,23,0,1,0,decision,label-exact:unique,direct,"235"
138,TransitionLogicalOperator,Stateflow.Transition,9,16,0,1,0,decision,label-exact:unique,direct,"236"
139,TransitionLogicalOperator,Stateflow.Transition,9,16,0,1,0,decision,label-exact:unique,direct,"236"
140,TransitionLogicalOperator,Stateflow.Transition,9,16,0,1,0,decision,label-exact:unique,direct,"238"
141,TransitionLogicalOperator,Stateflow.Transition,9,16,0,1,0,decision,label-exact:unique,direct,"239"
142,TransitionLogicalOperator,Stateflow.Transition,9,16,0,1,0,decision,label-exact:unique,direct,"240"
143,TransitionLogicalOperator,Stateflow.Transition,9,16,0,1,0,decision,label-exact:unique,direct,"240"
144,TransitionLogicalOperator,Stateflow.Transition,9,16,0,1,0,decision,label-exact:unique,direct,"241"
145,TransitionLogicalOperator,Stateflow.Transition,3,22,0,1,0,decision,label-exact:unique,direct,"242"
146,TransitionLogicalOperator,Stateflow.Transition,1,24,0,1,0,decision,label-exact:unique,direct,"245"
147,TransitionMathOperator,Stateflow.Transition,4,21,0,1,0,decision,label-exact:unique,direct,"225"
148,TransitionMathOperator,Stateflow.Transition,11,14,0,1,0,decision,label-exact:unique,direct,"228"
149,TransitionMathOperator,Stateflow.Transition,16,9,0,1,0,decision,label-exact:unique,direct,"229"
150,TransitionMathOperator,Stateflow.Transition,16,9,0,2,1,decision,label-exact:ambiguous,union,"230,232"
151,TransitionMathOperator,Stateflow.Transition,9,16,0,1,0,decision,label-exact:unique,direct,"231"
152,TransitionMathOperator,Stateflow.Transition,16,9,0,2,1,decision,label-exact:ambiguous,union,"230,232"
153,TransitionMathOperator,Stateflow.Transition,21,4,0,1,0,decision,label-exact:unique,direct,"233"
154,TransitionMathOperator,Stateflow.Transition,9,16,0,1,0,decision,label-exact:unique,direct,"234"
155,TransitionMathOperator,Stateflow.Transition,2,23,0,1,0,decision,label-exact:unique,direct,"235"
156,TransitionMathOperator,Stateflow.Transition,9,16,0,1,0,decision,label-exact:unique,direct,"236"
157,TransitionMathOperator,Stateflow.Transition,9,16,0,1,0,decision,label-exact:unique,direct,"238"
158,TransitionMathOperator,Stateflow.Transition,9,16,0,1,0,decision,label-exact:unique,direct,"239"
159,TransitionMathOperator,Stateflow.Transition,9,16,0,1,0,decision,label-exact:unique,direct,"240"
160,TransitionMathOperator,Stateflow.Transition,9,16,0,1,0,decision,label-exact:unique,direct,"241"
161,TransitionMathOperator,Stateflow.Transition,3,22,0,1,0,decision,label-exact:unique,direct,"242"
162,TransitionMathOperator,Stateflow.Transition,1,24,0,1,0,decision,label-exact:unique,direct,"245"
163,TransitionNotOperator,Stateflow.Transition,4,21,0,1,0,decision,label-exact:unique,direct,"225"
164,TransitionNotOperator,Stateflow.Transition,25,0,0,4,1,decision,label-exact:ambiguous,union,"227,237,243,246"
165,TransitionNotOperator,Stateflow.Transition,11,14,0,1,0,decision,label-exact:unique,direct,"228"
166,TransitionNotOperator,Stateflow.Transition,16,9,0,1,0,decision,label-exact:unique,direct,"229"
167,TransitionNotOperator,Stateflow.Transition,16,9,0,2,1,decision,label-exact:ambiguous,union,"230,232"
168,TransitionNotOperator,Stateflow.Transition,9,16,0,1,0,decision,label-exact:unique,direct,"231"
169,TransitionNotOperator,Stateflow.Transition,16,9,0,2,1,decision,label-exact:ambiguous,union,"230,232"
170,TransitionNotOperator,Stateflow.Transition,21,4,0,1,0,decision,label-exact:unique,direct,"233"
171,TransitionNotOperator,Stateflow.Transition,9,16,0,1,0,decision,label-exact:unique,direct,"234"
172,TransitionNotOperator,Stateflow.Transition,2,23,0,1,0,decision,label-exact:unique,direct,"235"
173,TransitionNotOperator,Stateflow.Transition,9,16,0,1,0,decision,label-exact:unique,direct,"236"
174,TransitionNotOperator,Stateflow.Transition,25,0,0,4,1,decision,label-exact:ambiguous,union,"227,237,243,246"
175,TransitionNotOperator,Stateflow.Transition,9,16,0,1,0,decision,label-exact:unique,direct,"238"
176,TransitionNotOperator,Stateflow.Transition,9,16,0,1,0,decision,label-exact:unique,direct,"239"
177,TransitionNotOperator,Stateflow.Transition,9,16,0,1,0,decision,label-exact:unique,direct,"240"
178,TransitionNotOperator,Stateflow.Transition,9,16,0,1,0,decision,label-exact:unique,direct,"241"
179,TransitionNotOperator,Stateflow.Transition,3,22,0,1,0,decision,label-exact:unique,direct,"242"
180,TransitionNotOperator,Stateflow.Transition,25,0,0,4,1,decision,label-exact:ambiguous,union,"227,237,243,246"
181,TransitionNotOperator,Stateflow.Transition,9,16,0,1,0,decision,label-exact:unique,direct,"244"
182,TransitionNotOperator,Stateflow.Transition,1,24,0,1,0,decision,label-exact:unique,direct,"245"
183,TransitionNotOperator,Stateflow.Transition,25,0,0,4,1,decision,label-exact:ambiguous,union,"227,237,243,246"
